game_id,team_id,team_city,team_name,team_tricode,team_slug,person_id,first_name,family_name,name_i,player_slug,position,comment,jersey_num,minutes,field_goals_made,field_goals_attempted,field_goals_percentage,three_pointers_made,three_pointers_attempted,three_pointers_percentage,free_throws_made,free_throws_attempted,free_throws_percentage,rebounds_offensive,rebounds_defensive,rebounds_total,assists,steals,blocks,turnovers,fouls_personal,points,plus_minus_points
0022500012,1610612747,Los Angeles,Lakers,LAL,lakers,2544,LeBron,James,L. James,lebron-james,F,,,32:26,7,13,0.538,1,3,0.333,3,4,0.75,0,2,2,5,2,1,3,3,18,-33.0
0022500012,1610612747,Los Angeles,Lakers,LAL,lakers,1629060,Rui,Hachimura,R. Hachimura,rui-hachimura,F,,,27:42,0,6,0.0,0,3,0.0,0,0,0.0,1,1,2,1,1,0,1,3,0,-29.0
0022500012,1610612747,Los Angeles,Lakers,LAL,lakers,1629028,Deandre,Ayton,D. Ayton,deandre-ayton,C,,,36:17,5,6,0.833,0,0,0.0,0,0,0.0,1,1,2,0,0,0,1,3,10,-14.0
0022500012,1610612747,Los Angeles,Lakers,LAL,lakers,1630559,Austin,Reaves,A. Reaves,austin-reaves,G,,,14:48,5,8,0.625,2,5,0.4,0,0,0.0,0,1,1,1,0,1,2,0,12,-7.0
0022500012,1610612747,Los Angeles,Lakers,LAL,lakers,1629029,Luka,Dončić,L. Dončić,luka-dončić,G,,,33:55,9,17,0.529,3,8,0.375,4,7,0.571,0,5,5,7,1,2,6,2,25,-25.0
0022500012,1610612747,Los Angeles,Lakers,LAL,lakers,203935,Marcus,Smart,M. Smart,marcus-smart,,,,29:22,3,8,0.375,0,3,0.0,0,0,0.0,0,2,2,1,1,0,1,1,6,-2.0
0022500012,1610612747,Los Angeles,Lakers,LAL,lakers,1631222,Jake,LaRavia,J. LaRavia,jake-laravia,,,,23:22,2,5,0.4,1,1,1.0,0,0,0.0,2,2,4,1,0,1,1,0,5,1.0
0022500012,1610612747,Los Angeles,Lakers,LAL,lakers,1628467,Maxi,Kleber,M. Kleber,maxi-kleber,,,,6:18,1,4,0.25,0,2,0.0,0,0,0.0,0,0,0,1,1,0,1,2,2,-8.0
0022500012,1610612747,Los Angeles,Lakers,LAL,lakers,1629020,Jarred,Vanderbilt,J. Vanderbilt,jarred-vanderbilt,,,,26:23,4,6,0.667,3,4,0.75,0,0,0.0,2,3,5,2,1,0,0,3,11,5.0
0022500012,1610612747,Los Angeles,Lakers,LAL,lakers,1642876,Adou,Thiero,A. Thiero,adou-thiero,,,,3:09,1,2,0.5,0,0,0.0,0,0,0.0,1,1,2,0,0,0,0,0,2,-1.0
0022500012,1610612747,Los Angeles,Lakers,LAL,lakers,1642355,Bronny,James,B. James,bronny-james,,,,3:09,1,1,1.0,1,1,1.0,0,0,0.0,0,0,0,0,0,0,0,0,3,-1.0
0022500012,1610612747,Los Angeles,Lakers,LAL,lakers,1642261,Dalton,Knecht,D. Knecht,dalton-knecht,,,,3:09,1,1,1.0,0,0,0.0,0,0,0.0,0,0,0,0,0,0,0,0,2,-1.0
0022500012,1610612745,Houston,Rockets,HOU,rockets,201142,Kevin,Durant,K. Durant,kevin-durant,F,,,33:29,8,14,0.571,4,6,0.667,5,5,1.0,1,3,4,8,1,2,3,1,25,26.0
0022500012,1610612745,Houston,Rockets,HOU,rockets,1631095,Jabari,Smith Jr.,J. Smith Jr.,jabari-smith-jr,F,,,35:40,6,9,0.667,2,3,0.667,2,2,1.0,2,5,7,0,2,1,0,2,16,25.0
0022500012,1610612745,Houston,Rockets,HOU,rockets,1630578,Alperen,Sengun,A. Sengun,alperen-sengun,C,,,31:13,5,7,0.714,0,0,0.0,4,4,1.0,3,9,12,4,1,0,6,1,14,24.0
0022500012,1610612745,Houston,Rockets,HOU,rockets,1631106,Tari,Eason,T. Eason,tari-eason,G,,,26:05,6,14,0.429,1,5,0.2,0,2,0.0,1,2,3,2,4,2,1,4,13,23.0
0022500012,1610612745,Houston,Rockets,HOU,rockets,1641708,Amen,Thompson,A. Thompson,amen-thompson,G,,,31:51,12,19,0.632,0,2,0.0,2,3,0.667,3,4,7,5,1,0,2,2,26,26.0
0022500012,1610612745,Houston,Rockets,HOU,rockets,1627827,Dorian,Finney-Smith,D. Finney-Smith,dorian-finney-smith,,,,13:11,0,1,0.0,0,1,0.0,0,0,0.0,0,0,0,0,0,0,0,1,0,2.0
0022500012,1610612745,Houston,Rockets,HOU,rockets,1642263,Reed,Sheppard,R. Sheppard,reed-sheppard,,,,19:17,5,10,0.5,1,4,0.25,2,3,0.667,0,2,2,1,1,0,0,1,13,-8.0
0022500012,1610612745,Houston,Rockets,HOU,rockets,203500,Steven,Adams,S. Adams,steven-adams,,,,25:33,2,3,0.667,0,0,0.0,0,0,0.0,4,5,9,2,0,0,1,0,4,-4.0
0022500012,1610612745,Houston,Rockets,HOU,rockets,1629006,Josh,Okogie,J. Okogie,josh-okogie,,,,9:52,0,4,0.0,0,1,0.0,0,0,0.0,0,0,0,0,0,0,1,0,0,-4.0
0022500012,1610612745,Houston,Rockets,HOU,rockets,1628988,Aaron,Holiday,A. Holiday,aaron-holiday,,,,3:09,0,2,0.0,0,1,0.0,0,0,0.0,0,0,0,1,0,0,0,0,0,1.0
0022500012,1610612745,Houston,Rockets,HOU,rockets,201145,Jeff,Green,J. Green,jeff-green,,,,2:40,0,0,0.0,0,0,0.0,0,0,0.0,0,1,1,0,0,0,0,0,0,1.0
0022500012,1610612745,Houston,Rockets,HOU,rockets,203991,Clint,Capela,C. Capela,clint-capela,,,,2:40,3,4,0.75,0,0,0.0,0,0,0.0,3,0,3,0,0,0,0,0,6,1.0
0022500012,1610612745,Houston,Rockets,HOU,rockets,1630256,Jae'Sean,Tate,J. Tate,jaesean-tate,,,,2:40,1,2,0.5,0,0,0.0,0,0,0.0,0,0,0,0,0,0,0,0,2,1.0
0022500012,1610612745,Houston,Rockets,HOU,rockets,1631120,JD,Davison,J. Davison,jd-davison,,,,2:40,0,1,0.0,0,1,0.0,0,0,0.0,0,0,0,1,0,1,1,1,0,1.0
